{"int": 3.6109179126442243, "pro": 7.372118028337787, "sec": 4.376385754783795, "tan": 3.213234944978115, "lg": 4.376385754783795, "log": 4.236623812408637, "cup": 5.2926764866579505, "ln": 4.0399135181625825, "lim": 7.372118028337787, "sum": 7.372118028337787, "-": 0.9521231001906444, "sqrt": 2.8723083580075217, "brack": 7.372118028337787, "choose": 7.372118028337787, "brace": 7.372118028337787, "<": 3.9709206466756313, ">": 4.076281162333458, "geq": 4.664067827235577, "frac": 1.31299483275599, "leq": 3.0413846880514557, "binom": 4.376385754783795, "^": 0.7859463734831121, "cos": 2.3816854415590507, "cot": 4.194064197989841, "cap": 5.174893451001568, "sin": 2.3749057545736716, "bangle": 7.372118028337787, "neq": 4.076281162333458, "+": 1.0713322336745428, "vec": 2.5438042910354857, "|": 4.236623812408637}